"0","library(palmerpenguins)"
"2","Warning: package â€˜palmerpenguinsâ€™ was built under R version 4.2.3"
"0","library(dplyr)"
"2","Warning: package â€˜dplyrâ€™ was built under R version 4.2.3"
"2","
Attaching package: â€˜dplyrâ€™

"
"2","The following objects are masked from â€˜package:statsâ€™:

    filter, lag

"
"2","The following objects are masked from â€˜package:baseâ€™:

    intersect, setdiff, setequal, union

"
"0","library(ggplot2)"
"2","Warning: package â€˜ggplot2â€™ was built under R version 4.2.3"
"0","library(dbplyr)"
"2","Registered S3 methods overwritten by 'dbplyr':
  method         from
  print.tbl_lazy     
  print.tbl_sql      
"
"2","
Attaching package: â€˜dbplyrâ€™

"
"2","The following objects are masked from â€˜package:dplyrâ€™:

    ident, sql

"
"0","library(tidymodels)"
"2","Registered S3 method overwritten by 'data.table':
  method           from
  print.data.table     
"
"2","[30mâ”€â”€ [1mAttaching packages[22m â”€â”€â”€â”€â”€â”€â”€â”€â”€â”€â”€â”€â”€â”€â”€â”€â”€â”€â”€â”€â”€â”€â”€â”€â”€â”€â”€â”€â”€â”€â”€â”€â”€â”€â”€â”€â”€â”€â”€â”€â”€â”€â”€â”€â”€â”€â”€â”€â”€â”€â”€â”€â”€â”€â”€â”€â”€â”€â”€â”€â”€â”€â”€â”€â”€â”€â”€â”€â”€â”€â”€â”€â”€â”€â”€â”€â”€â”€â”€â”€â”€â”€â”€â”€â”€â”€â”€â”€â”€â”€â”€â”€â”€â”€â”€â”€â”€â”€â”€â”€â”€â”€â”€â”€â”€â”€â”€â”€â”€â”€â”€â”€â”€â”€â”€â”€â”€â”€â”€â”€â”€â”€â”€â”€â”€â”€â”€â”€â”€ tidymodels 1.2.0 â”€â”€[39m
"
"2","[30m[32mâœ”[30m [34mbroom       [30m 1.0.5      [32mâœ”[30m [34mrsample     [30m 1.2.1 
[32mâœ”[30m [34mdials       [30m 1.2.1      [32mâœ”[30m [34mtibble      [30m 3.2.1 
[32mâœ”[30m [34minfer       [30m 1.0.7      [32mâœ”[30m [34mtidyr       [30m 1.3.1 
[32mâœ”[30m [34mmodeldata   [30m 1.3.0      [32mâœ”[30m [34mtune        [30m 1.2.1 
[32mâœ”[30m [34mparsnip     [30m 1.2.1      [32mâœ”[30m [34mworkflows   [30m 1.1.4 
[32mâœ”[30m [34mpurrr       [30m 1.0.2      [32mâœ”[30m [34mworkflowsets[30m 1.1.0 
[32mâœ”[30m [34mrecipes     [30m 1.0.10     [32mâœ”[30m [34myardstick   [30m 1.3.1 [39m
"
"2","Warning: package â€˜scalesâ€™ was built under R version 4.2.3"
"2","Warning: package â€˜tibbleâ€™ was built under R version 4.2.3"
"2","[30mâ”€â”€ [1mConflicts[22m â”€â”€â”€â”€â”€â”€â”€â”€â”€â”€â”€â”€â”€â”€â”€â”€â”€â”€â”€â”€â”€â”€â”€â”€â”€â”€â”€â”€â”€â”€â”€â”€â”€â”€â”€â”€â”€â”€â”€â”€â”€â”€â”€â”€â”€â”€â”€â”€â”€â”€â”€â”€â”€â”€â”€â”€â”€â”€â”€â”€â”€â”€â”€â”€â”€â”€â”€â”€â”€â”€â”€â”€â”€â”€â”€â”€â”€â”€â”€â”€â”€â”€â”€â”€â”€â”€â”€â”€â”€â”€â”€â”€â”€â”€â”€â”€â”€â”€â”€â”€â”€â”€â”€â”€â”€â”€â”€â”€â”€â”€â”€â”€â”€â”€â”€â”€â”€â”€â”€â”€â”€â”€â”€â”€â”€â”€â”€â”€â”€â”€â”€â”€ tidymodels_conflicts() â”€â”€
[31mâœ–[30m [34mpurrr[30m::[32mdiscard()[30m masks [34mscales[30m::discard()
[31mâœ–[30m [34mdplyr[30m::[32mfilter()[30m  masks [34mstats[30m::filter()
[31mâœ–[30m [34mdbplyr[30m::[32mident()[30m  masks [34mdplyr[30m::ident()
[31mâœ–[30m [34mdplyr[30m::[32mlag()[30m     masks [34mstats[30m::lag()
[31mâœ–[30m [34mdbplyr[30m::[32msql()[30m    masks [34mdplyr[30m::sql()
[31mâœ–[30m [34mrecipes[30m::[32mstep()[30m  masks [34mstats[30m::step()
[34mâ€¢[30m Dig deeper into tidy modeling with R at [32mhttps://www.tmwr.org[30m[39m
"
"0","library(parsnip)"
"0","library(discrim)"
"2","
Attaching package: â€˜discrimâ€™

"
"2","The following object is masked from â€˜package:dialsâ€™:

    smoothness

"
